{
	"credit": "Made with Blockbench",
	"texture_size": [64, 64],
	"textures": {
		"0": "bakingdelight:block/freezer",
		"particle": "bakingdelight:block/freezer"
	},
	"elements": [
		{
			"from": [0, 0, 1],
			"to": [16, 16, 15],
			"faces": {
				"north": {"uv": [0, 0, 4, 4.25], "texture": "#0"},
				"east": {"uv": [4, 0, 8, 4.25], "texture": "#0"},
				"south": {"uv": [0, 4.25, 4, 8.5], "texture": "#0"},
				"west": {"uv": [4, 4.25, 8, 8.5], "texture": "#0"},
				"up": {"uv": [12, 4, 8, 0], "texture": "#0"},
				"down": {"uv": [12, 4, 8, 8], "texture": "#0"}
			}
		},
		{
			"from": [12, 10, 15],
			"to": [14, 11, 16],
			"faces": {
				"north": {"uv": [6, 10.75, 6.5, 11], "texture": "#0"},
				"east": {"uv": [5.5, 11, 5.75, 11.25], "texture": "#0"},
				"south": {"uv": [6.5, 10.75, 7, 11], "texture": "#0"},
				"west": {"uv": [2.25, 11.25, 2.5, 11.5], "texture": "#0"},
				"up": {"uv": [7.5, 11, 7, 10.75], "texture": "#0"},
				"down": {"uv": [8, 10.75, 7.5, 11], "texture": "#0"}
			}
		},
		{
			"from": [12, 6, 15],
			"to": [14, 7, 16],
			"faces": {
				"north": {"uv": [10.75, 10, 11.25, 10.25], "texture": "#0"},
				"east": {"uv": [2.5, 11.25, 2.75, 11.5], "texture": "#0"},
				"south": {"uv": [10.25, 10.75, 10.75, 11], "texture": "#0"},
				"west": {"uv": [2.75, 11.25, 3, 11.5], "texture": "#0"},
				"up": {"uv": [11.25, 10.5, 10.75, 10.25], "texture": "#0"},
				"down": {"uv": [11.25, 10.5, 10.75, 10.75], "texture": "#0"}
			}
		},
		{
			"from": [13, 7, 15],
			"to": [14, 10, 16],
			"faces": {
				"north": {"uv": [5.5, 10.25, 5.75, 11], "texture": "#0"},
				"east": {"uv": [10.25, 10, 10.5, 10.75], "texture": "#0"},
				"south": {"uv": [10.5, 10, 10.75, 10.75], "texture": "#0"},
				"west": {"uv": [5.75, 10.75, 6, 11.5], "texture": "#0"},
				"up": {"uv": [3.25, 11.5, 3, 11.25], "texture": "#0"},
				"down": {"uv": [3.5, 11.25, 3.25, 11.5], "texture": "#0"}
			}
		},
		{
			"from": [0, 0, 0],
			"to": [16, 1, 1],
			"faces": {
				"north": {"uv": [8, 8, 12, 8.25], "texture": "#0"},
				"east": {"uv": [3.5, 11.25, 3.75, 11.5], "texture": "#0"},
				"south": {"uv": [8, 8.25, 12, 8.5], "texture": "#0"},
				"west": {"uv": [3.75, 11.25, 4, 11.5], "texture": "#0"},
				"up": {"uv": [4, 8.75, 0, 8.5], "texture": "#0"},
				"down": {"uv": [8, 8.5, 4, 8.75], "texture": "#0"}
			}
		},
		{
			"from": [1, 5, 0],
			"to": [15, 6, 1],
			"faces": {
				"north": {"uv": [2.25, 9.75, 5.75, 10], "texture": "#0"},
				"east": {"uv": [4, 11.25, 4.25, 11.5], "texture": "#0"},
				"south": {"uv": [9.75, 9.5, 13.25, 9.75], "texture": "#0"},
				"west": {"uv": [4.25, 11.25, 4.5, 11.5], "texture": "#0"},
				"up": {"uv": [13.25, 10, 9.75, 9.75], "texture": "#0"},
				"down": {"uv": [5.75, 10, 2.25, 10.25], "texture": "#0"}
			}
		},
		{
			"from": [0, 15, 0],
			"to": [16, 16, 1],
			"faces": {
				"north": {"uv": [8, 8.5, 12, 8.75], "texture": "#0"},
				"east": {"uv": [4.5, 11.25, 4.75, 11.5], "texture": "#0"},
				"south": {"uv": [0, 8.75, 4, 9], "texture": "#0"},
				"west": {"uv": [4.75, 11.25, 5, 11.5], "texture": "#0"},
				"up": {"uv": [8, 9, 4, 8.75], "texture": "#0"},
				"down": {"uv": [12, 8.75, 8, 9], "texture": "#0"}
			}
		},
		{
			"from": [15, 1, 15],
			"to": [16, 15, 16],
			"faces": {
				"north": {"uv": [8, 9.5, 8.25, 13.25], "texture": "#0"},
				"east": {"uv": [8.25, 9.5, 8.5, 13.25], "texture": "#0"},
				"south": {"uv": [8.5, 9.5, 8.75, 13.25], "texture": "#0"},
				"west": {"uv": [8.75, 9.5, 9, 13.25], "texture": "#0"},
				"up": {"uv": [5.25, 11.5, 5, 11.25], "texture": "#0"},
				"down": {"uv": [5.5, 11.25, 5.25, 11.5], "texture": "#0"}
			}
		},
		{
			"from": [0, 1, 15],
			"to": [1, 15, 16],
			"faces": {
				"north": {"uv": [9, 9.5, 9.25, 13.25], "texture": "#0"},
				"east": {"uv": [9.25, 9.5, 9.5, 13.25], "texture": "#0"},
				"south": {"uv": [9.5, 9.5, 9.75, 13.25], "texture": "#0"},
				"west": {"uv": [0, 9.75, 0.25, 13.5], "texture": "#0"},
				"up": {"uv": [5.75, 11.5, 5.5, 11.25], "texture": "#0"},
				"down": {"uv": [6.25, 11.25, 6, 11.5], "texture": "#0"}
			}
		},
		{
			"from": [0, 0, 15],
			"to": [16, 1, 16],
			"faces": {
				"north": {"uv": [0, 9, 4, 9.25], "texture": "#0"},
				"east": {"uv": [6.25, 11.25, 6.5, 11.5], "texture": "#0"},
				"south": {"uv": [4, 9, 8, 9.25], "texture": "#0"},
				"west": {"uv": [6.5, 11.25, 6.75, 11.5], "texture": "#0"},
				"up": {"uv": [12, 9.25, 8, 9], "texture": "#0"},
				"down": {"uv": [4, 9.25, 0, 9.5], "texture": "#0"}
			}
		},
		{
			"from": [0, 15, 15],
			"to": [16, 16, 16],
			"faces": {
				"north": {"uv": [4, 9.25, 8, 9.5], "texture": "#0"},
				"east": {"uv": [6.75, 11.25, 7, 11.5], "texture": "#0"},
				"south": {"uv": [8, 9.25, 12, 9.5], "texture": "#0"},
				"west": {"uv": [7, 11.25, 7.25, 11.5], "texture": "#0"},
				"up": {"uv": [4, 9.75, 0, 9.5], "texture": "#0"},
				"down": {"uv": [8, 9.5, 4, 9.75], "texture": "#0"}
			}
		},
		{
			"from": [0, 1, 0],
			"to": [1, 15, 1],
			"faces": {
				"north": {"uv": [0.25, 9.75, 0.5, 13.5], "texture": "#0"},
				"east": {"uv": [0.5, 9.75, 0.75, 13.5], "texture": "#0"},
				"south": {"uv": [0.75, 9.75, 1, 13.5], "texture": "#0"},
				"west": {"uv": [1, 9.75, 1.25, 13.5], "texture": "#0"},
				"up": {"uv": [7.5, 11.5, 7.25, 11.25], "texture": "#0"},
				"down": {"uv": [7.75, 11.25, 7.5, 11.5], "texture": "#0"}
			}
		},
		{
			"from": [12, 1, 0],
			"to": [14, 5, 1],
			"faces": {
				"north": {"uv": [5.75, 9.75, 6.25, 10.75], "texture": "#0"},
				"east": {"uv": [7.75, 9.75, 8, 10.75], "texture": "#0"},
				"south": {"uv": [6.25, 9.75, 6.75, 10.75], "texture": "#0"},
				"west": {"uv": [3.75, 10.25, 4, 11.25], "texture": "#0"},
				"up": {"uv": [11.25, 11, 10.75, 10.75], "texture": "#0"},
				"down": {"uv": [6.5, 11, 6, 11.25], "texture": "#0"}
			}
		},
		{
			"from": [9, 1, 0],
			"to": [11, 5, 1],
			"faces": {
				"north": {"uv": [6.75, 9.75, 7.25, 10.75], "texture": "#0"},
				"east": {"uv": [4, 10.25, 4.25, 11.25], "texture": "#0"},
				"south": {"uv": [7.25, 9.75, 7.75, 10.75], "texture": "#0"},
				"west": {"uv": [4.25, 10.25, 4.5, 11.25], "texture": "#0"},
				"up": {"uv": [7, 11.25, 6.5, 11], "texture": "#0"},
				"down": {"uv": [7.5, 11, 7, 11.25], "texture": "#0"}
			}
		},
		{
			"from": [5, 1, 0],
			"to": [7, 5, 1],
			"faces": {
				"north": {"uv": [9.75, 10, 10.25, 11], "texture": "#0"},
				"east": {"uv": [4.5, 10.25, 4.75, 11.25], "texture": "#0"},
				"south": {"uv": [2.25, 10.25, 2.75, 11.25], "texture": "#0"},
				"west": {"uv": [4.75, 10.25, 5, 11.25], "texture": "#0"},
				"up": {"uv": [8, 11.25, 7.5, 11], "texture": "#0"},
				"down": {"uv": [10.25, 11, 9.75, 11.25], "texture": "#0"}
			}
		},
		{
			"from": [2, 1, 0],
			"to": [4, 5, 1],
			"faces": {
				"north": {"uv": [2.75, 10.25, 3.25, 11.25], "texture": "#0"},
				"east": {"uv": [5, 10.25, 5.25, 11.25], "texture": "#0"},
				"south": {"uv": [3.25, 10.25, 3.75, 11.25], "texture": "#0"},
				"west": {"uv": [5.25, 10.25, 5.5, 11.25], "texture": "#0"},
				"up": {"uv": [10.75, 11.25, 10.25, 11], "texture": "#0"},
				"down": {"uv": [11.25, 11, 10.75, 11.25], "texture": "#0"}
			}
		},
		{
			"from": [15, 1, 0],
			"to": [16, 15, 1],
			"faces": {
				"north": {"uv": [1.25, 9.75, 1.5, 13.5], "texture": "#0"},
				"east": {"uv": [1.5, 9.75, 1.75, 13.5], "texture": "#0"},
				"south": {"uv": [1.75, 9.75, 2, 13.5], "texture": "#0"},
				"west": {"uv": [2, 9.75, 2.25, 13.5], "texture": "#0"},
				"up": {"uv": [8, 11.5, 7.75, 11.25], "texture": "#0"},
				"down": {"uv": [10, 11.25, 9.75, 11.5], "texture": "#0"}
			}
		}
	],
	"display": {
		"thirdperson_righthand": {
			"rotation": [75, -135, 0],
			"translation": [0, 2.5, 0],
			"scale": [0.375, 0.375, 0.375]
		},
		"thirdperson_lefthand": {
			"rotation": [75, -135, 0],
			"translation": [0, 2.5, 0],
			"scale": [0.375, 0.375, 0.375]
		},
		"firstperson_righthand": {
			"rotation": [0, -45, 0],
			"scale": [0.4, 0.4, 0.4]
		},
		"firstperson_lefthand": {
			"rotation": [0, 225, 0],
			"scale": [0.4, 0.4, 0.4]
		},
		"ground": {
			"translation": [0, 3, 0],
			"scale": [0.25, 0.25, 0.25]
		},
		"gui": {
			"rotation": [30, -45, 0],
			"scale": [0.625, 0.625, 0.625]
		},
		"head": {
			"rotation": [0, 180, 0]
		},
		"fixed": {
			"rotation": [0, 180, 0],
			"scale": [0.5, 0.5, 0.5]
		}
	}
}