{
	"credit": "Made with Blockbench",
	"textures": {
		"0": "bakingdelight:block/glass_bowl_2",
		"1": "bakingdelight:block/glass_bowl_1",
		"2": "bakingdelight:block/glass_bowl_3",
		"particle": "bakingdelight:block/glass_bowl_2"
	},
	"elements": [
		{
			"name": "bottom",
			"from": [5, 0, 5],
			"to": [11, 1, 11],
			"faces": {
				"north": {"uv": [6, 0, 12, 1], "texture": "#1"},
				"east": {"uv": [6, 1, 12, 2], "texture": "#1"},
				"south": {"uv": [6, 2, 12, 3], "texture": "#1"},
				"west": {"uv": [6, 3, 12, 4], "texture": "#1"},
				"up": {"uv": [6, 6, 0, 0], "texture": "#1"},
				"down": {"uv": [6, 6, 0, 12], "texture": "#1"}
			}
		},
		{
			"name": "b_side",
			"from": [4, 1, 6],
			"to": [5, 2, 10],
			"faces": {
				"north": {"uv": [3, 7, 3.5, 7.5], "texture": "#0"},
				"east": {"uv": [3, 2, 5, 2.5], "texture": "#0"},
				"south": {"uv": [3.5, 7, 4, 7.5], "texture": "#0"},
				"west": {"uv": [3, 2.5, 5, 3], "texture": "#0"},
				"up": {"uv": [3.5, 5, 3, 3], "texture": "#0"},
				"down": {"uv": [4, 3, 3.5, 5], "texture": "#0"}
			}
		},
		{
			"name": "b_side",
			"from": [6, 1, 11],
			"to": [10, 2, 12],
			"faces": {
				"north": {"uv": [4, 3, 6, 3.5], "texture": "#0"},
				"east": {"uv": [3, 7.5, 3.5, 8], "texture": "#0"},
				"south": {"uv": [4, 3.5, 6, 4], "texture": "#0"},
				"west": {"uv": [3.5, 7.5, 4, 8], "texture": "#0"},
				"up": {"uv": [6, 4.5, 4, 4], "texture": "#0"},
				"down": {"uv": [6, 4.5, 4, 5], "texture": "#0"}
			}
		},
		{
			"name": "b_side",
			"from": [6, 1, 4],
			"to": [10, 2, 5],
			"faces": {
				"north": {"uv": [4, 5, 6, 5.5], "texture": "#0"},
				"east": {"uv": [8.5, 7.5, 9, 8], "texture": "#0"},
				"south": {"uv": [4, 5.5, 6, 6], "texture": "#0"},
				"west": {"uv": [8, 8.5, 8.5, 9], "texture": "#0"},
				"up": {"uv": [2, 6.5, 0, 6], "texture": "#0"},
				"down": {"uv": [8, 0, 6, 0.5], "texture": "#0"}
			}
		},
		{
			"name": "b_side",
			"from": [6, 2, 3],
			"to": [10, 3, 4],
			"faces": {
				"north": {"uv": [4.5, 6, 6.5, 6.5], "texture": "#0"},
				"east": {"uv": [9.5, 2, 10, 2.5], "texture": "#0"},
				"south": {"uv": [6, 5.5, 8, 6], "texture": "#0"},
				"west": {"uv": [2.5, 9.5, 3, 10], "texture": "#0"},
				"up": {"uv": [2, 7, 0, 6.5], "texture": "#0"},
				"down": {"uv": [8.5, 3.5, 6.5, 4], "texture": "#0"}
			}
		},
		{
			"name": "b_side",
			"from": [6, 2, 12],
			"to": [10, 3, 13],
			"faces": {
				"north": {"uv": [6.5, 4, 8.5, 4.5], "texture": "#0"},
				"east": {"uv": [9.5, 2.5, 10, 3], "texture": "#0"},
				"south": {"uv": [4.5, 6.5, 6.5, 7], "texture": "#0"},
				"west": {"uv": [3, 9.5, 3.5, 10], "texture": "#0"},
				"up": {"uv": [8.5, 5, 6.5, 4.5], "texture": "#0"},
				"down": {"uv": [8.5, 5, 6.5, 5.5], "texture": "#0"}
			}
		},
		{
			"name": "b_side",
			"from": [6, 3, 3],
			"to": [10, 4, 4],
			"faces": {
				"north": {"uv": [8, 0, 10, 0.5], "texture": "#0"},
				"east": {"uv": [10.5, 1, 11, 1.5], "texture": "#0"},
				"south": {"uv": [8, 0.5, 10, 1], "texture": "#0"},
				"west": {"uv": [1.5, 10.5, 2, 11], "texture": "#0"},
				"up": {"uv": [10, 1.5, 8, 1], "texture": "#0"},
				"down": {"uv": [10, 1.5, 8, 2], "texture": "#0"}
			}
		},
		{
			"name": "b_side",
			"from": [3, 4, 6],
			"to": [4, 5, 10],
			"faces": {
				"north": {"uv": [9, 14, 10, 15], "texture": "#1"},
				"east": {"uv": [11, 5, 15, 6], "texture": "#1"},
				"south": {"uv": [14, 9, 15, 10], "texture": "#1"},
				"west": {"uv": [11, 6, 15, 7], "texture": "#1"},
				"up": {"uv": [8, 15, 7, 11], "texture": "#1"},
				"down": {"uv": [9, 11, 8, 15], "texture": "#1"}
			}
		},
		{
			"name": "b_side",
			"from": [6, 4, 3],
			"to": [10, 5, 4],
			"faces": {
				"north": {"uv": [6, 4, 10, 5], "texture": "#1"},
				"east": {"uv": [12, 3, 13, 4], "texture": "#1"},
				"south": {"uv": [6, 5, 10, 6], "texture": "#1"},
				"west": {"uv": [4, 12, 5, 13], "texture": "#1"},
				"up": {"uv": [10, 7, 6, 6], "texture": "#1"},
				"down": {"uv": [10, 7, 6, 8], "texture": "#1"}
			}
		},
		{
			"name": "b_side",
			"from": [6, 3, 12],
			"to": [10, 4, 13],
			"faces": {
				"north": {"uv": [7, 2, 9, 2.5], "texture": "#0"},
				"east": {"uv": [10.5, 0, 11, 0.5], "texture": "#0"},
				"south": {"uv": [7, 2.5, 9, 3], "texture": "#0"},
				"west": {"uv": [0.5, 10.5, 1, 11], "texture": "#0"},
				"up": {"uv": [6.5, 7.5, 4.5, 7], "texture": "#0"},
				"down": {"uv": [8.5, 7, 6.5, 7.5], "texture": "#0"}
			}
		},
		{
			"name": "b_side",
			"from": [3, 3, 6],
			"to": [4, 4, 10],
			"faces": {
				"north": {"uv": [10.5, 9, 11, 9.5], "texture": "#0"},
				"east": {"uv": [2, 8, 4, 8.5], "texture": "#0"},
				"south": {"uv": [9.5, 10.5, 10, 11], "texture": "#0"},
				"west": {"uv": [8, 3, 10, 3.5], "texture": "#0"},
				"up": {"uv": [4.5, 10, 4, 8], "texture": "#0"},
				"down": {"uv": [5, 8, 4.5, 10], "texture": "#0"}
			}
		},
		{
			"name": "b_side",
			"from": [6, 4, 12],
			"to": [10, 5, 13],
			"faces": {
				"north": {"uv": [7, 10, 11, 11], "texture": "#1"},
				"east": {"uv": [13, 13, 14, 14], "texture": "#1"},
				"south": {"uv": [10, 8, 14, 9], "texture": "#1"},
				"west": {"uv": [0, 14, 1, 15], "texture": "#1"},
				"up": {"uv": [14, 10, 10, 9], "texture": "#1"},
				"down": {"uv": [15, 4, 11, 5], "texture": "#1"}
			}
		},
		{
			"name": "b_side",
			"from": [11, 1, 6],
			"to": [12, 2, 10],
			"faces": {
				"north": {"uv": [8.5, 6.5, 9, 7], "texture": "#0"},
				"east": {"uv": [5, 2, 7, 2.5], "texture": "#0"},
				"south": {"uv": [8.5, 7, 9, 7.5], "texture": "#0"},
				"west": {"uv": [5, 2.5, 7, 3], "texture": "#0"},
				"up": {"uv": [3.5, 7, 3, 5], "texture": "#0"},
				"down": {"uv": [4, 5, 3.5, 7], "texture": "#0"}
			}
		},
		{
			"name": "b_side",
			"from": [12, 2, 6],
			"to": [13, 3, 10],
			"faces": {
				"north": {"uv": [8.5, 8.5, 9, 9], "texture": "#0"},
				"east": {"uv": [6, 0.5, 8, 1], "texture": "#0"},
				"south": {"uv": [0, 9, 0.5, 9.5], "texture": "#0"},
				"west": {"uv": [6, 1, 8, 1.5], "texture": "#0"},
				"up": {"uv": [2.5, 8, 2, 6], "texture": "#0"},
				"down": {"uv": [3, 6, 2.5, 8], "texture": "#0"}
			}
		},
		{
			"name": "b_side",
			"from": [12, 4, 6],
			"to": [13, 5, 10],
			"faces": {
				"north": {"uv": [2, 13, 3, 14], "texture": "#1"},
				"east": {"uv": [6, 8, 10, 9], "texture": "#1"},
				"south": {"uv": [13, 2, 14, 3], "texture": "#1"},
				"west": {"uv": [6, 9, 10, 10], "texture": "#1"},
				"up": {"uv": [11, 8, 10, 4], "texture": "#1"},
				"down": {"uv": [7, 10, 6, 14], "texture": "#1"}
			}
		},
		{
			"name": "b_side",
			"from": [12, 3, 6],
			"to": [13, 4, 10],
			"faces": {
				"north": {"uv": [10, 10, 10.5, 10.5], "texture": "#0"},
				"east": {"uv": [6.5, 6, 8.5, 6.5], "texture": "#0"},
				"south": {"uv": [0, 10.5, 0.5, 11], "texture": "#0"},
				"west": {"uv": [6.5, 6.5, 8.5, 7], "texture": "#0"},
				"up": {"uv": [0.5, 9, 0, 7], "texture": "#0"},
				"down": {"uv": [1, 7, 0.5, 9], "texture": "#0"}
			}
		},
		{
			"name": "b_side",
			"from": [3, 2, 6],
			"to": [4, 3, 10],
			"faces": {
				"north": {"uv": [0.5, 9, 1, 9.5], "texture": "#0"},
				"east": {"uv": [6, 1.5, 8, 2], "texture": "#0"},
				"south": {"uv": [1, 9, 1.5, 9.5], "texture": "#0"},
				"west": {"uv": [6, 3, 8, 3.5], "texture": "#0"},
				"up": {"uv": [6.5, 5.5, 6, 3.5], "texture": "#0"},
				"down": {"uv": [4.5, 6, 4, 8], "texture": "#0"}
			}
		},
		{
			"from": [5, 4, 4],
			"to": [6, 5, 5],
			"faces": {
				"north": {"uv": [12, 0, 13, 1], "texture": "#1"},
				"east": {"uv": [1, 12, 2, 13], "texture": "#1"},
				"south": {"uv": [12, 1, 13, 2], "texture": "#1"},
				"west": {"uv": [2, 12, 3, 13], "texture": "#1"},
				"up": {"uv": [13, 3, 12, 2], "texture": "#1"},
				"down": {"uv": [4, 12, 3, 13], "texture": "#1"}
			}
		},
		{
			"from": [4, 3, 5],
			"to": [5, 4, 6],
			"faces": {
				"north": {"uv": [5, 11, 5.5, 11.5], "texture": "#0"},
				"east": {"uv": [11, 5, 11.5, 5.5], "texture": "#0"},
				"south": {"uv": [5.5, 11, 6, 11.5], "texture": "#0"},
				"west": {"uv": [11, 5.5, 11.5, 6], "texture": "#0"},
				"up": {"uv": [6.5, 11.5, 6, 11], "texture": "#0"},
				"down": {"uv": [11.5, 6, 11, 6.5], "texture": "#0"}
			}
		},
		{
			"from": [5, 2, 4],
			"to": [6, 3, 5],
			"faces": {
				"north": {"uv": [1.5, 9, 2, 9.5], "texture": "#0"},
				"east": {"uv": [2, 9, 2.5, 9.5], "texture": "#0"},
				"south": {"uv": [9, 2, 9.5, 2.5], "texture": "#0"},
				"west": {"uv": [2.5, 9, 3, 9.5], "texture": "#0"},
				"up": {"uv": [9.5, 3, 9, 2.5], "texture": "#0"},
				"down": {"uv": [3.5, 9, 3, 9.5], "texture": "#0"}
			}
		},
		{
			"from": [4, 4, 5],
			"to": [5, 5, 6],
			"faces": {
				"north": {"uv": [11, 7, 12, 8], "texture": "#1"},
				"east": {"uv": [9, 11, 10, 12], "texture": "#1"},
				"south": {"uv": [10, 11, 11, 12], "texture": "#1"},
				"west": {"uv": [11, 10, 12, 11], "texture": "#1"},
				"up": {"uv": [12, 12, 11, 11], "texture": "#1"},
				"down": {"uv": [1, 12, 0, 13], "texture": "#1"}
			}
		},
		{
			"from": [10, 2, 4],
			"to": [11, 3, 5],
			"faces": {
				"north": {"uv": [3.5, 9, 4, 9.5], "texture": "#0"},
				"east": {"uv": [6, 9, 6.5, 9.5], "texture": "#0"},
				"south": {"uv": [6.5, 9, 7, 9.5], "texture": "#0"},
				"west": {"uv": [9, 6.5, 9.5, 7], "texture": "#0"},
				"up": {"uv": [7.5, 9.5, 7, 9], "texture": "#0"},
				"down": {"uv": [9.5, 7, 9, 7.5], "texture": "#0"}
			}
		},
		{
			"from": [11, 2, 5],
			"to": [12, 3, 6],
			"faces": {
				"north": {"uv": [3.5, 9.5, 4, 10], "texture": "#0"},
				"east": {"uv": [6, 9.5, 6.5, 10], "texture": "#0"},
				"south": {"uv": [6.5, 9.5, 7, 10], "texture": "#0"},
				"west": {"uv": [9.5, 6.5, 10, 7], "texture": "#0"},
				"up": {"uv": [7.5, 10, 7, 9.5], "texture": "#0"},
				"down": {"uv": [10, 7, 9.5, 7.5], "texture": "#0"}
			}
		},
		{
			"from": [11, 3, 10],
			"to": [12, 4, 11],
			"faces": {
				"north": {"uv": [10, 0.5, 10.5, 1], "texture": "#0"},
				"east": {"uv": [1, 10, 1.5, 10.5], "texture": "#0"},
				"south": {"uv": [10, 1, 10.5, 1.5], "texture": "#0"},
				"west": {"uv": [1.5, 10, 2, 10.5], "texture": "#0"},
				"up": {"uv": [10.5, 2, 10, 1.5], "texture": "#0"},
				"down": {"uv": [2.5, 10, 2, 10.5], "texture": "#0"}
			}
		},
		{
			"from": [4, 4, 10],
			"to": [5, 5, 11],
			"faces": {
				"north": {"uv": [14, 3, 15, 4], "texture": "#1"},
				"east": {"uv": [4, 14, 5, 15], "texture": "#1"},
				"south": {"uv": [5, 14, 6, 15], "texture": "#1"},
				"west": {"uv": [6, 14, 7, 15], "texture": "#1"},
				"up": {"uv": [15, 8, 14, 7], "texture": "#1"},
				"down": {"uv": [15, 8, 14, 9], "texture": "#1"}
			}
		},
		{
			"from": [5, 3, 4],
			"to": [6, 4, 5],
			"faces": {
				"north": {"uv": [8.5, 10, 9, 10.5], "texture": "#0"},
				"east": {"uv": [10, 8.5, 10.5, 9], "texture": "#0"},
				"south": {"uv": [9, 10, 9.5, 10.5], "texture": "#0"},
				"west": {"uv": [10, 9, 10.5, 9.5], "texture": "#0"},
				"up": {"uv": [10, 10.5, 9.5, 10], "texture": "#0"},
				"down": {"uv": [10.5, 9.5, 10, 10], "texture": "#0"}
			}
		},
		{
			"from": [4, 2, 5],
			"to": [5, 3, 6],
			"faces": {
				"north": {"uv": [7, 10, 7.5, 10.5], "texture": "#0"},
				"east": {"uv": [10, 7, 10.5, 7.5], "texture": "#0"},
				"south": {"uv": [7.5, 10, 8, 10.5], "texture": "#0"},
				"west": {"uv": [10, 7.5, 10.5, 8], "texture": "#0"},
				"up": {"uv": [8.5, 10.5, 8, 10], "texture": "#0"},
				"down": {"uv": [10.5, 8, 10, 8.5], "texture": "#0"}
			}
		},
		{
			"from": [5, 4, 11],
			"to": [6, 5, 12],
			"faces": {
				"north": {"uv": [14, 0, 15, 1], "texture": "#1"},
				"east": {"uv": [1, 14, 2, 15], "texture": "#1"},
				"south": {"uv": [14, 1, 15, 2], "texture": "#1"},
				"west": {"uv": [2, 14, 3, 15], "texture": "#1"},
				"up": {"uv": [15, 3, 14, 2], "texture": "#1"},
				"down": {"uv": [4, 14, 3, 15], "texture": "#1"}
			}
		},
		{
			"from": [5, 3, 11],
			"to": [6, 4, 12],
			"faces": {
				"north": {"uv": [0.5, 11, 1, 11.5], "texture": "#0"},
				"east": {"uv": [11, 0.5, 11.5, 1], "texture": "#0"},
				"south": {"uv": [1, 11, 1.5, 11.5], "texture": "#0"},
				"west": {"uv": [11, 1, 11.5, 1.5], "texture": "#0"},
				"up": {"uv": [2, 11.5, 1.5, 11], "texture": "#0"},
				"down": {"uv": [11.5, 1.5, 11, 2], "texture": "#0"}
			}
		},
		{
			"from": [5, 2, 11],
			"to": [6, 3, 12],
			"faces": {
				"north": {"uv": [4, 10, 4.5, 10.5], "texture": "#0"},
				"east": {"uv": [4.5, 10, 5, 10.5], "texture": "#0"},
				"south": {"uv": [10, 5.5, 10.5, 6], "texture": "#0"},
				"west": {"uv": [6, 10, 6.5, 10.5], "texture": "#0"},
				"up": {"uv": [7, 10.5, 6.5, 10], "texture": "#0"},
				"down": {"uv": [10.5, 6.5, 10, 7], "texture": "#0"}
			}
		},
		{
			"from": [4, 3, 10],
			"to": [5, 4, 11],
			"faces": {
				"north": {"uv": [10, 2, 10.5, 2.5], "texture": "#0"},
				"east": {"uv": [2.5, 10, 3, 10.5], "texture": "#0"},
				"south": {"uv": [10, 2.5, 10.5, 3], "texture": "#0"},
				"west": {"uv": [3, 10, 3.5, 10.5], "texture": "#0"},
				"up": {"uv": [10.5, 3.5, 10, 3], "texture": "#0"},
				"down": {"uv": [4, 10, 3.5, 10.5], "texture": "#0"}
			}
		},
		{
			"from": [10, 4, 11],
			"to": [11, 5, 12],
			"faces": {
				"north": {"uv": [10, 13, 11, 14], "texture": "#1"},
				"east": {"uv": [13, 10, 14, 11], "texture": "#1"},
				"south": {"uv": [11, 13, 12, 14], "texture": "#1"},
				"west": {"uv": [13, 11, 14, 12], "texture": "#1"},
				"up": {"uv": [13, 14, 12, 13], "texture": "#1"},
				"down": {"uv": [14, 12, 13, 13], "texture": "#1"}
			}
		},
		{
			"from": [10, 3, 11],
			"to": [11, 4, 12],
			"faces": {
				"north": {"uv": [11.5, 5.5, 12, 6], "texture": "#0"},
				"east": {"uv": [6, 11.5, 6.5, 12], "texture": "#0"},
				"south": {"uv": [11.5, 6, 12, 6.5], "texture": "#0"},
				"west": {"uv": [6.5, 11.5, 7, 12], "texture": "#0"},
				"up": {"uv": [12, 7, 11.5, 6.5], "texture": "#0"},
				"down": {"uv": [7.5, 11.5, 7, 12], "texture": "#0"}
			}
		},
		{
			"from": [11, 4, 10],
			"to": [12, 5, 11],
			"faces": {
				"north": {"uv": [3, 13, 4, 14], "texture": "#1"},
				"east": {"uv": [13, 3, 14, 4], "texture": "#1"},
				"south": {"uv": [4, 13, 5, 14], "texture": "#1"},
				"west": {"uv": [5, 13, 6, 14], "texture": "#1"},
				"up": {"uv": [14, 8, 13, 7], "texture": "#1"},
				"down": {"uv": [10, 13, 9, 14], "texture": "#1"}
			}
		},
		{
			"from": [10, 2, 11],
			"to": [11, 3, 12],
			"faces": {
				"north": {"uv": [9, 9.5, 9.5, 10], "texture": "#0"},
				"east": {"uv": [9.5, 9, 10, 9.5], "texture": "#0"},
				"south": {"uv": [9.5, 9.5, 10, 10], "texture": "#0"},
				"west": {"uv": [0, 10, 0.5, 10.5], "texture": "#0"},
				"up": {"uv": [10.5, 0.5, 10, 0], "texture": "#0"},
				"down": {"uv": [1, 10, 0.5, 10.5], "texture": "#0"}
			}
		},
		{
			"from": [10, 3, 4],
			"to": [11, 4, 5],
			"faces": {
				"north": {"uv": [7.5, 9.5, 8, 10], "texture": "#0"},
				"east": {"uv": [9.5, 7.5, 10, 8], "texture": "#0"},
				"south": {"uv": [8, 9.5, 8.5, 10], "texture": "#0"},
				"west": {"uv": [9.5, 8, 10, 8.5], "texture": "#0"},
				"up": {"uv": [9, 10, 8.5, 9.5], "texture": "#0"},
				"down": {"uv": [10, 8.5, 9.5, 9], "texture": "#0"}
			}
		},
		{
			"from": [4, 2, 10],
			"to": [5, 3, 11],
			"faces": {
				"north": {"uv": [7.5, 9, 8, 9.5], "texture": "#0"},
				"east": {"uv": [9, 7.5, 9.5, 8], "texture": "#0"},
				"south": {"uv": [8, 9, 8.5, 9.5], "texture": "#0"},
				"west": {"uv": [9, 8, 9.5, 8.5], "texture": "#0"},
				"up": {"uv": [9, 9.5, 8.5, 9], "texture": "#0"},
				"down": {"uv": [9.5, 8.5, 9, 9], "texture": "#0"}
			}
		},
		{
			"from": [10, 4, 4],
			"to": [11, 5, 5],
			"faces": {
				"north": {"uv": [5, 12, 6, 13], "texture": "#1"},
				"east": {"uv": [12, 7, 13, 8], "texture": "#1"},
				"south": {"uv": [9, 12, 10, 13], "texture": "#1"},
				"west": {"uv": [10, 12, 11, 13], "texture": "#1"},
				"up": {"uv": [13, 11, 12, 10], "texture": "#1"},
				"down": {"uv": [12, 12, 11, 13], "texture": "#1"}
			}
		},
		{
			"from": [11, 3, 5],
			"to": [12, 4, 6],
			"faces": {
				"north": {"uv": [11.5, 1, 12, 1.5], "texture": "#0"},
				"east": {"uv": [1.5, 11.5, 2, 12], "texture": "#0"},
				"south": {"uv": [11.5, 1.5, 12, 2], "texture": "#0"},
				"west": {"uv": [2, 11.5, 2.5, 12], "texture": "#0"},
				"up": {"uv": [12, 2.5, 11.5, 2], "texture": "#0"},
				"down": {"uv": [3, 11.5, 2.5, 12], "texture": "#0"}
			}
		},
		{
			"from": [11, 4, 5],
			"to": [12, 5, 6],
			"faces": {
				"north": {"uv": [12, 11, 13, 12], "texture": "#1"},
				"east": {"uv": [12, 12, 13, 13], "texture": "#1"},
				"south": {"uv": [0, 13, 1, 14], "texture": "#1"},
				"west": {"uv": [13, 0, 14, 1], "texture": "#1"},
				"up": {"uv": [2, 14, 1, 13], "texture": "#1"},
				"down": {"uv": [14, 1, 13, 2], "texture": "#1"}
			}
		},
		{
			"from": [11, 2, 10],
			"to": [12, 3, 11],
			"faces": {
				"north": {"uv": [9, 9, 9.5, 9.5], "texture": "#0"},
				"east": {"uv": [0, 9.5, 0.5, 10], "texture": "#0"},
				"south": {"uv": [0.5, 9.5, 1, 10], "texture": "#0"},
				"west": {"uv": [1, 9.5, 1.5, 10], "texture": "#0"},
				"up": {"uv": [2, 10, 1.5, 9.5], "texture": "#0"},
				"down": {"uv": [2.5, 9.5, 2, 10], "texture": "#0"}
			}
		},
		{
			"from": [5, 1, 5],
			"to": [6, 2, 6],
			"faces": {
				"north": {"uv": [10.5, 1.5, 11, 2], "texture": "#0"},
				"east": {"uv": [2, 10.5, 2.5, 11], "texture": "#0"},
				"south": {"uv": [10.5, 2, 11, 2.5], "texture": "#0"},
				"west": {"uv": [2.5, 10.5, 3, 11], "texture": "#0"},
				"up": {"uv": [11, 3, 10.5, 2.5], "texture": "#0"},
				"down": {"uv": [3.5, 10.5, 3, 11], "texture": "#0"}
			}
		},
		{
			"from": [5, 1, 5],
			"to": [6, 2, 6],
			"faces": {
				"north": {"uv": [10.5, 3, 11, 3.5], "texture": "#0"},
				"east": {"uv": [3.5, 10.5, 4, 11], "texture": "#0"},
				"south": {"uv": [10.5, 3.5, 11, 4], "texture": "#0"},
				"west": {"uv": [4, 10.5, 4.5, 11], "texture": "#0"},
				"up": {"uv": [11, 4.5, 10.5, 4], "texture": "#0"},
				"down": {"uv": [5, 10.5, 4.5, 11], "texture": "#0"}
			}
		},
		{
			"from": [10, 1, 5],
			"to": [11, 2, 6],
			"faces": {
				"north": {"uv": [10.5, 4.5, 11, 5], "texture": "#0"},
				"east": {"uv": [5, 10.5, 5.5, 11], "texture": "#0"},
				"south": {"uv": [10.5, 5, 11, 5.5], "texture": "#0"},
				"west": {"uv": [5.5, 10.5, 6, 11], "texture": "#0"},
				"up": {"uv": [11, 6, 10.5, 5.5], "texture": "#0"},
				"down": {"uv": [6.5, 10.5, 6, 11], "texture": "#0"}
			}
		},
		{
			"from": [5, 1, 10],
			"to": [6, 2, 11],
			"faces": {
				"north": {"uv": [10.5, 6, 11, 6.5], "texture": "#0"},
				"east": {"uv": [6.5, 10.5, 7, 11], "texture": "#0"},
				"south": {"uv": [10.5, 6.5, 11, 7], "texture": "#0"},
				"west": {"uv": [7, 10.5, 7.5, 11], "texture": "#0"},
				"up": {"uv": [11, 7.5, 10.5, 7], "texture": "#0"},
				"down": {"uv": [8, 10.5, 7.5, 11], "texture": "#0"}
			}
		},
		{
			"from": [10, 1, 10],
			"to": [11, 2, 11],
			"faces": {
				"north": {"uv": [10.5, 7.5, 11, 8], "texture": "#0"},
				"east": {"uv": [8, 10.5, 8.5, 11], "texture": "#0"},
				"south": {"uv": [10.5, 8, 11, 8.5], "texture": "#0"},
				"west": {"uv": [8.5, 10.5, 9, 11], "texture": "#0"},
				"up": {"uv": [11, 9, 10.5, 8.5], "texture": "#0"},
				"down": {"uv": [9.5, 10.5, 9, 11], "texture": "#0"}
			}
		},
		{
			"from": [6, 1, 6],
			"to": [10, 3, 10],
			"faces": {
				"north": {"uv": [4, 0, 8, 2], "texture": "#2"},
				"east": {"uv": [4, 2, 8, 4], "texture": "#2"},
				"south": {"uv": [4, 4, 8, 6], "texture": "#2"},
				"west": {"uv": [4, 6, 8, 8], "texture": "#2"},
				"up": {"uv": [4, 4, 0, 0], "texture": "#2"},
				"down": {"uv": [4, 4, 0, 8], "texture": "#2"}
			}
		},
		{
			"from": [6, 1, 5],
			"to": [10, 3, 6],
			"faces": {
				"north": {"uv": [0, 8, 4, 10], "texture": "#2"},
				"east": {"uv": [3, 12, 4, 14], "texture": "#2"},
				"south": {"uv": [8, 0, 12, 2], "texture": "#2"},
				"west": {"uv": [4, 12, 5, 14], "texture": "#2"},
				"up": {"uv": [8, 11, 4, 10], "texture": "#2"},
				"down": {"uv": [12, 10, 8, 11], "texture": "#2"}
			}
		},
		{
			"from": [6, 1, 10],
			"to": [10, 3, 11],
			"faces": {
				"north": {"uv": [8, 2, 12, 4], "texture": "#2"},
				"east": {"uv": [12, 4, 13, 6], "texture": "#2"},
				"south": {"uv": [4, 8, 8, 10], "texture": "#2"},
				"west": {"uv": [5, 12, 6, 14], "texture": "#2"},
				"up": {"uv": [8, 12, 4, 11], "texture": "#2"},
				"down": {"uv": [12, 11, 8, 12], "texture": "#2"}
			}
		},
		{
			"from": [5, 1, 6],
			"to": [6, 3, 10],
			"faces": {
				"north": {"uv": [6, 12, 7, 14], "texture": "#2"},
				"east": {"uv": [8, 4, 12, 6], "texture": "#2"},
				"south": {"uv": [12, 6, 13, 8], "texture": "#2"},
				"west": {"uv": [8, 6, 12, 8], "texture": "#2"},
				"up": {"uv": [1, 16, 0, 12], "texture": "#2"},
				"down": {"uv": [13, 0, 12, 4], "texture": "#2"}
			}
		},
		{
			"from": [10, 1, 6],
			"to": [11, 3, 10],
			"faces": {
				"north": {"uv": [7, 12, 8, 14], "texture": "#2"},
				"east": {"uv": [8, 8, 12, 10], "texture": "#2"},
				"south": {"uv": [8, 12, 9, 14], "texture": "#2"},
				"west": {"uv": [0, 10, 4, 12], "texture": "#2"},
				"up": {"uv": [2, 16, 1, 12], "texture": "#2"},
				"down": {"uv": [3, 12, 2, 16], "texture": "#2"}
			}
		},
		{
			"from": [5, 2, 5],
			"to": [6, 3, 6],
			"faces": {
				"north": {"uv": [14, 3, 15, 4], "texture": "#2"},
				"east": {"uv": [4, 14, 5, 15], "texture": "#2"},
				"south": {"uv": [14, 4, 15, 5], "texture": "#2"},
				"west": {"uv": [5, 14, 6, 15], "texture": "#2"},
				"up": {"uv": [15, 6, 14, 5], "texture": "#2"},
				"down": {"uv": [7, 14, 6, 15], "texture": "#2"}
			}
		},
		{
			"from": [5, 2, 10],
			"to": [6, 3, 11],
			"faces": {
				"north": {"uv": [14, 6, 15, 7], "texture": "#2"},
				"east": {"uv": [7, 14, 8, 15], "texture": "#2"},
				"south": {"uv": [14, 7, 15, 8], "texture": "#2"},
				"west": {"uv": [8, 14, 9, 15], "texture": "#2"},
				"up": {"uv": [15, 9, 14, 8], "texture": "#2"},
				"down": {"uv": [10, 14, 9, 15], "texture": "#2"}
			}
		},
		{
			"from": [10, 2, 5],
			"to": [11, 3, 6],
			"faces": {
				"north": {"uv": [13, 12, 14, 13], "texture": "#2"},
				"east": {"uv": [13, 13, 14, 14], "texture": "#2"},
				"south": {"uv": [14, 0, 15, 1], "texture": "#2"},
				"west": {"uv": [14, 1, 15, 2], "texture": "#2"},
				"up": {"uv": [15, 3, 14, 2], "texture": "#2"},
				"down": {"uv": [4, 14, 3, 15], "texture": "#2"}
			}
		},
		{
			"from": [8, 3, 8],
			"to": [9, 4, 9],
			"faces": {
				"north": {"uv": [13, 9, 14, 10], "texture": "#2"},
				"east": {"uv": [10, 13, 11, 14], "texture": "#2"},
				"south": {"uv": [13, 10, 14, 11], "texture": "#2"},
				"west": {"uv": [11, 13, 12, 14], "texture": "#2"},
				"up": {"uv": [14, 12, 13, 11], "texture": "#2"},
				"down": {"uv": [13, 13, 12, 14], "texture": "#2"}
			}
		},
		{
			"from": [10, 2, 10],
			"to": [11, 3, 11],
			"faces": {
				"north": {"uv": [13, 4, 14, 5], "texture": "#2"},
				"east": {"uv": [13, 5, 14, 6], "texture": "#2"},
				"south": {"uv": [13, 6, 14, 7], "texture": "#2"},
				"west": {"uv": [13, 7, 14, 8], "texture": "#2"},
				"up": {"uv": [14, 9, 13, 8], "texture": "#2"},
				"down": {"uv": [10, 13, 9, 14], "texture": "#2"}
			}
		},
		{
			"from": [7, 3, 9],
			"to": [8, 4, 10],
			"faces": {
				"north": {"uv": [12, 11, 13, 12], "texture": "#2"},
				"east": {"uv": [12, 12, 13, 13], "texture": "#2"},
				"south": {"uv": [13, 0, 14, 1], "texture": "#2"},
				"west": {"uv": [13, 1, 14, 2], "texture": "#2"},
				"up": {"uv": [14, 3, 13, 2], "texture": "#2"},
				"down": {"uv": [14, 3, 13, 4], "texture": "#2"}
			}
		},
		{
			"from": [6, 3, 6],
			"to": [7, 4, 7],
			"faces": {
				"north": {"uv": [12, 8, 13, 9], "texture": "#2"},
				"east": {"uv": [9, 12, 10, 13], "texture": "#2"},
				"south": {"uv": [12, 9, 13, 10], "texture": "#2"},
				"west": {"uv": [10, 12, 11, 13], "texture": "#2"},
				"up": {"uv": [13, 11, 12, 10], "texture": "#2"},
				"down": {"uv": [12, 12, 11, 13], "texture": "#2"}
			}
		}
	],
	"display": {
		"thirdperson_righthand": {
			"rotation": [65, 0, 0],
			"translation": [0, 3.25, 2.25],
			"scale": [0.5, 0.5, 0.5]
		},
		"thirdperson_lefthand": {
			"rotation": [66, 0, 0],
			"translation": [0, 3.25, 3],
			"scale": [0.5, 0.5, 0.5]
		},
		"firstperson_righthand": {
			"translation": [2, 7.5, 1.25]
		},
		"firstperson_lefthand": {
			"translation": [2.5, 8, 2.5]
		},
		"ground": {
			"translation": [0, 4.75, 0]
		},
		"gui": {
			"rotation": [26, -34, 2],
			"translation": [0, 4.25, 0]
		},
		"head": {
			"rotation": [180, 0, 0],
			"translation": [0, 2.25, 0]
		},
		"fixed": {
			"translation": [-0.25, 6.25, -3.5]
		}
	},
	"groups": [
		0,
		1,
		2,
		3,
		4,
		5,
		6,
		7,
		8,
		9,
		10,
		11,
		12,
		13,
		14,
		15,
		16,
		17,
		18,
		19,
		20,
		21,
		22,
		23,
		24,
		25,
		26,
		27,
		28,
		29,
		30,
		31,
		32,
		33,
		34,
		35,
		36,
		37,
		38,
		39,
		40,
		41,
		42,
		43,
		44,
		45,
		{
			"name": "group",
			"origin": [8, 8, 8],
			"color": 0,
			"children": [46, 47]
		},
		48,
		49,
		50,
		51,
		52,
		53,
		54,
		55,
		56,
		57
	]
}