{
	"credit": "Made with Blockbench",
	"texture_size": [128, 128],
	"textures": {
		"0": "bakingdelight:block/oven_burning",
		"particle": "bakingdelight:block/oven_burning"
	},
	"elements": [
		{
			"from": [0, 0, 0],
			"to": [16, 1, 16],
			"faces": {
				"north": {"uv": [6, 4.5, 8, 4.625], "texture": "#0"},
				"east": {"uv": [6, 4.625, 8, 4.75], "texture": "#0"},
				"south": {"uv": [6, 4.75, 8, 4.875], "texture": "#0"},
				"west": {"uv": [6, 4.875, 8, 5], "texture": "#0"},
				"up": {"uv": [2, 2, 0, 0], "texture": "#0"},
				"down": {"uv": [2, 2, 0, 4], "texture": "#0"}
			}
		},
		{
			"from": [0, 1, 0],
			"to": [16, 12, 2],
			"faces": {
				"north": {"uv": [2, 4.375, 4, 5.75], "texture": "#0"},
				"east": {"uv": [4.75, 6, 5, 7.375], "texture": "#0"},
				"south": {"uv": [4, 4.375, 6, 5.75], "texture": "#0"},
				"west": {"uv": [5, 6, 5.25, 7.375], "texture": "#0"},
				"up": {"uv": [7.875, 3.625, 5.875, 3.375], "texture": "#0"},
				"down": {"uv": [7.875, 3.625, 5.875, 3.875], "texture": "#0"}
			}
		},
		{
			"from": [0, 1, 14],
			"to": [16, 12, 16],
			"faces": {
				"north": {"uv": [3.875, 3, 5.875, 4.375], "texture": "#0"},
				"east": {"uv": [4.25, 6, 4.5, 7.375], "texture": "#0"},
				"south": {"uv": [0, 4, 2, 5.375], "texture": "#0"},
				"west": {"uv": [4.5, 6, 4.75, 7.375], "texture": "#0"},
				"up": {"uv": [7.875, 3.125, 5.875, 2.875], "texture": "#0"},
				"down": {"uv": [7.875, 3.125, 5.875, 3.375], "texture": "#0"}
			}
		},
		{
			"from": [0, 1, 2],
			"to": [1, 12, 14],
			"faces": {
				"north": {"uv": [6, 6, 6.125, 7.375], "texture": "#0"},
				"east": {"uv": [0, 5.375, 1.5, 6.75], "texture": "#0"},
				"south": {"uv": [6.125, 6, 6.25, 7.375], "texture": "#0"},
				"west": {"uv": [5.75, 0, 7.25, 1.375], "texture": "#0"},
				"up": {"uv": [5.875, 7.5, 5.75, 6], "texture": "#0"},
				"down": {"uv": [6, 6, 5.875, 7.5], "texture": "#0"}
			}
		},
		{
			"from": [0, 12, 0],
			"to": [15, 16, 16],
			"faces": {
				"north": {"uv": [5.75, 1.875, 7.625, 2.375], "texture": "#0"},
				"east": {"uv": [5.75, 1.375, 7.75, 1.875], "texture": "#0"},
				"south": {"uv": [5.75, 2.375, 7.625, 2.875], "texture": "#0"},
				"west": {"uv": [1.5, 5.75, 3.5, 6.25], "texture": "#0"},
				"up": {"uv": [3.875, 2, 2, 0], "texture": "#0"},
				"down": {"uv": [3.875, 2, 2, 4], "texture": "#0"}
			}
		},
		{
			"from": [1, 7, 2],
			"to": [16, 8, 14],
			"faces": {
				"north": {"uv": [2, 4, 3.875, 4.125], "texture": "#0"},
				"east": {"uv": [6, 5.125, 7.5, 5.25], "texture": "#0"},
				"south": {"uv": [2, 4.125, 3.875, 4.25], "texture": "#0"},
				"west": {"uv": [6, 5.25, 7.5, 5.375], "texture": "#0"},
				"up": {"uv": [5.75, 1.5, 3.875, 0], "texture": "#0"},
				"down": {"uv": [5.75, 1.5, 3.875, 3], "texture": "#0"}
			}
		},
		{
			"from": [15, 14, 0],
			"to": [16, 16, 16],
			"faces": {
				"north": {"uv": [1.125, 6.75, 1.25, 7], "texture": "#0"},
				"east": {"uv": [3.5, 5.75, 5.5, 6], "texture": "#0"},
				"south": {"uv": [1.25, 6.75, 1.375, 7], "texture": "#0"},
				"west": {"uv": [5.5, 5.75, 7.5, 6], "texture": "#0"},
				"up": {"uv": [5.375, 8, 5.25, 6], "texture": "#0"},
				"down": {"uv": [5.5, 6, 5.375, 8], "texture": "#0"}
			}
		},
		{
			"from": [15, 12, 0],
			"to": [16, 14, 4],
			"faces": {
				"north": {"uv": [1.375, 6.75, 1.5, 7], "texture": "#0"},
				"east": {"uv": [6.25, 6, 6.75, 6.25], "texture": "#0"},
				"south": {"uv": [6.75, 3.875, 6.875, 4.125], "texture": "#0"},
				"west": {"uv": [6.25, 6.25, 6.75, 6.5], "texture": "#0"},
				"up": {"uv": [0.25, 7.25, 0.125, 6.75], "texture": "#0"},
				"down": {"uv": [0.375, 6.75, 0.25, 7.25], "texture": "#0"}
			}
		},
		{
			"from": [15, 12, 12],
			"to": [16, 14, 16],
			"faces": {
				"north": {"uv": [0.875, 6.75, 1, 7], "texture": "#0"},
				"east": {"uv": [1.5, 5.375, 2, 5.625], "texture": "#0"},
				"south": {"uv": [1, 6.75, 1.125, 7], "texture": "#0"},
				"west": {"uv": [2.75, 6.25, 3.25, 6.5], "texture": "#0"},
				"up": {"uv": [6.75, 7, 6.625, 6.5], "texture": "#0"},
				"down": {"uv": [0.125, 6.75, 0, 7.25], "texture": "#0"}
			}
		},
		{
			"from": [15, 13, 4],
			"to": [16, 14, 12],
			"faces": {
				"north": {"uv": [6.75, 6, 6.875, 6.125], "texture": "#0"},
				"east": {"uv": [6, 5.375, 7, 5.5], "texture": "#0"},
				"south": {"uv": [6.75, 6.125, 6.875, 6.25], "texture": "#0"},
				"west": {"uv": [6, 5.5, 7, 5.625], "texture": "#0"},
				"up": {"uv": [2.625, 7.25, 2.5, 6.25], "texture": "#0"},
				"down": {"uv": [2.75, 6.25, 2.625, 7.25], "texture": "#0"}
			}
		},
		{
			"from": [14, 6, 2],
			"to": [15, 7, 14],
			"faces": {
				"north": {"uv": [6.75, 4.375, 6.875, 4.5], "texture": "#0"},
				"east": {"uv": [2, 4.25, 3.5, 4.375], "texture": "#0"},
				"south": {"uv": [6.75, 5.625, 6.875, 5.75], "texture": "#0"},
				"west": {"uv": [6, 5, 7.5, 5.125], "texture": "#0"},
				"up": {"uv": [5.625, 7.5, 5.5, 6], "texture": "#0"},
				"down": {"uv": [5.75, 6, 5.625, 7.5], "texture": "#0"}
			}
		},
		{
			"from": [14, 1, 2],
			"to": [15, 6, 4],
			"faces": {
				"north": {"uv": [6.25, 6.5, 6.375, 7.125], "texture": "#0"},
				"east": {"uv": [2, 6.25, 2.25, 6.875], "texture": "#0"},
				"south": {"uv": [6.375, 6.5, 6.5, 7.125], "texture": "#0"},
				"west": {"uv": [2.25, 6.25, 2.5, 6.875], "texture": "#0"},
				"up": {"uv": [0.75, 7, 0.625, 6.75], "texture": "#0"},
				"down": {"uv": [0.875, 6.75, 0.75, 7], "texture": "#0"}
			}
		},
		{
			"from": [13, 1, 11],
			"to": [14, 5, 12],
			"faces": {
				"north": {"uv": [3.75, 6.625, 3.875, 7.125], "texture": "#0"},
				"east": {"uv": [3.875, 6.625, 4, 7.125], "texture": "#0"},
				"south": {"uv": [4, 6.625, 4.125, 7.125], "texture": "#0"},
				"west": {"uv": [4.125, 6.625, 4.25, 7.125], "texture": "#0"},
				"up": {"uv": [6.875, 4.25, 6.75, 4.125], "texture": "#0"},
				"down": {"uv": [6.875, 4.25, 6.75, 4.375], "texture": "#0"}
			}
		},
		{
			"from": [1, 1, 5],
			"to": [14, 6, 11],
			"faces": {
				"north": {"uv": [3, 6.5, 3.125, 7.125], "texture": "#0"},
				"east": {"uv": [3.5, 6, 4.25, 6.625], "texture": "#0"},
				"south": {"uv": [3.125, 6.5, 3.25, 7.125], "texture": "#0"},
				"west": {"uv": [6, 3.875, 6.75, 4.5], "texture": "#0"},
				"up": {"uv": [3.375, 7, 3.25, 6.25], "texture": "#0"},
				"down": {"uv": [3.5, 6.25, 3.375, 7], "texture": "#0"}
			}
		},
		{
			"from": [13, 1, 4],
			"to": [14, 5, 5],
			"faces": {
				"north": {"uv": [5.875, 3.875, 6, 4.375], "texture": "#0"},
				"east": {"uv": [6.5, 6.5, 6.625, 7], "texture": "#0"},
				"south": {"uv": [3.5, 6.625, 3.625, 7.125], "texture": "#0"},
				"west": {"uv": [3.625, 6.625, 3.75, 7.125], "texture": "#0"},
				"up": {"uv": [6.625, 5.75, 6.5, 5.625], "texture": "#0"},
				"down": {"uv": [6.75, 5.625, 6.625, 5.75], "texture": "#0"}
			}
		},
		{
			"from": [14, 1, 12],
			"to": [15, 6, 14],
			"faces": {
				"north": {"uv": [2.75, 6.5, 2.875, 7.125], "texture": "#0"},
				"east": {"uv": [1.5, 6.25, 1.75, 6.875], "texture": "#0"},
				"south": {"uv": [2.875, 6.5, 3, 7.125], "texture": "#0"},
				"west": {"uv": [1.75, 6.25, 2, 6.875], "texture": "#0"},
				"up": {"uv": [0.5, 7, 0.375, 6.75], "texture": "#0"},
				"down": {"uv": [0.625, 6.75, 0.5, 7], "texture": "#0"}
			}
		},
		{
			"from": [1, 5, 4],
			"to": [15, 6, 5],
			"faces": {
				"north": {"uv": [1.875, 5.625, 2, 5.75], "texture": "#0"},
				"east": {"uv": [5.75, 2.875, 5.875, 3], "texture": "#0"},
				"south": {"uv": [6, 5.625, 6.125, 5.75], "texture": "#0"},
				"west": {"uv": [6.125, 5.625, 6.25, 5.75], "texture": "#0"},
				"up": {"uv": [6.375, 5.75, 6.25, 5.625], "texture": "#0"},
				"down": {"uv": [6.5, 5.625, 6.375, 5.75], "texture": "#0"}
			}
		},
		{
			"from": [1, 5, 11],
			"to": [15, 6, 12],
			"faces": {
				"north": {"uv": [3.5, 4.25, 3.625, 4.375], "texture": "#0"},
				"east": {"uv": [3.625, 4.25, 3.75, 4.375], "texture": "#0"},
				"south": {"uv": [3.75, 4.25, 3.875, 4.375], "texture": "#0"},
				"west": {"uv": [1.5, 5.625, 1.625, 5.75], "texture": "#0"},
				"up": {"uv": [1.75, 5.75, 1.625, 5.625], "texture": "#0"},
				"down": {"uv": [1.875, 5.625, 1.75, 5.75], "texture": "#0"}
			}
		},
		{
			"from": [15, 8, 13.25],
			"to": [15.75, 13, 14],
			"faces": {
				"north": {"uv": [6.75, 6.25, 6.875, 6.875], "texture": "#0"},
				"east": {"uv": [1.5, 6.875, 1.625, 7.5], "texture": "#0"},
				"south": {"uv": [1.625, 6.875, 1.75, 7.5], "texture": "#0"},
				"west": {"uv": [1.75, 6.875, 1.875, 7.5], "texture": "#0"},
				"up": {"uv": [2, 7, 1.875, 6.875], "texture": "#0"},
				"down": {"uv": [7, 3.875, 6.875, 4], "texture": "#0"}
			}
		},
		{
			"from": [15, 8, 2],
			"to": [15.75, 13, 2.75],
			"faces": {
				"north": {"uv": [2, 6.875, 2.125, 7.5], "texture": "#0"},
				"east": {"uv": [2.125, 6.875, 2.25, 7.5], "texture": "#0"},
				"south": {"uv": [2.25, 6.875, 2.375, 7.5], "texture": "#0"},
				"west": {"uv": [2.375, 6.875, 2.5, 7.5], "texture": "#0"},
				"up": {"uv": [7, 4.125, 6.875, 4], "texture": "#0"},
				"down": {"uv": [7, 4.125, 6.875, 4.25], "texture": "#0"}
			}
		},
		{
			"from": [15, 12.25, 2],
			"to": [15.75, 13, 14],
			"faces": {
				"north": {"uv": [6.875, 5.625, 7, 5.75], "texture": "#0"},
				"east": {"uv": [6.875, 4.25, 8.375, 4.375], "texture": "#0"},
				"south": {"uv": [0.375, 7, 0.5, 7.125], "texture": "#0"},
				"west": {"uv": [6.875, 4.375, 8.375, 4.5], "texture": "#0"},
				"up": {"uv": [7, 7.5, 6.875, 6], "texture": "#0"},
				"down": {"uv": [6.875, 6.875, 6.75, 8.375], "texture": "#0"}
			}
		},
		{
			"from": [15, 11.25, 11.25],
			"to": [15.75, 12, 12],
			"faces": {
				"north": {"uv": [0.5, 7, 0.625, 7.125], "texture": "#0"},
				"east": {"uv": [0.625, 7, 0.75, 7.125], "texture": "#0"},
				"south": {"uv": [0.75, 7, 0.875, 7.125], "texture": "#0"},
				"west": {"uv": [0.875, 7, 1, 7.125], "texture": "#0"},
				"up": {"uv": [1.125, 7.125, 1, 7], "texture": "#0"},
				"down": {"uv": [1.25, 7, 1.125, 7.125], "texture": "#0"}
			}
		},
		{
			"from": [15, 10.5, 12],
			"to": [15.75, 11.25, 12.75],
			"faces": {
				"north": {"uv": [0.5, 7, 0.625, 7.125], "texture": "#0"},
				"east": {"uv": [0.625, 7, 0.75, 7.125], "texture": "#0"},
				"south": {"uv": [0.75, 7, 0.875, 7.125], "texture": "#0"},
				"west": {"uv": [0.875, 7, 1, 7.125], "texture": "#0"},
				"up": {"uv": [1.125, 7.125, 1, 7], "texture": "#0"},
				"down": {"uv": [1.25, 7, 1.125, 7.125], "texture": "#0"}
			}
		},
		{
			"from": [15, 9.75, 12],
			"to": [15.75, 10.5, 12.75],
			"faces": {
				"north": {"uv": [1.25, 7, 1.375, 7.125], "texture": "#0"},
				"east": {"uv": [1.375, 7, 1.5, 7.125], "texture": "#0"},
				"south": {"uv": [1.875, 7, 2, 7.125], "texture": "#0"},
				"west": {"uv": [3.25, 7, 3.375, 7.125], "texture": "#0"},
				"up": {"uv": [3.5, 7.125, 3.375, 7], "texture": "#0"},
				"down": {"uv": [7.125, 3.875, 7, 4], "texture": "#0"}
			}
		},
		{
			"from": [15, 9, 3.5],
			"to": [15.75, 9.75, 4.25],
			"faces": {
				"north": {"uv": [1.25, 7, 1.375, 7.125], "texture": "#0"},
				"east": {"uv": [1.375, 7, 1.5, 7.125], "texture": "#0"},
				"south": {"uv": [1.875, 7, 2, 7.125], "texture": "#0"},
				"west": {"uv": [3.25, 7, 3.375, 7.125], "texture": "#0"},
				"up": {"uv": [3.5, 7.125, 3.375, 7], "texture": "#0"},
				"down": {"uv": [7.125, 3.875, 7, 4], "texture": "#0"}
			}
		},
		{
			"from": [15, 8.25, 4.25],
			"to": [15.75, 9, 5],
			"faces": {
				"north": {"uv": [7, 4, 7.125, 4.125], "texture": "#0"},
				"east": {"uv": [7, 4.125, 7.125, 4.25], "texture": "#0"},
				"south": {"uv": [7, 5.375, 7.125, 5.5], "texture": "#0"},
				"west": {"uv": [7, 5.5, 7.125, 5.625], "texture": "#0"},
				"up": {"uv": [7.125, 5.75, 7, 5.625], "texture": "#0"},
				"down": {"uv": [7.125, 6, 7, 6.125], "texture": "#0"}
			}
		}
	],
	"display": {
		"thirdperson_righthand": {
			"rotation": [75, 45, 0],
			"translation": [0, 2.5, 0],
			"scale": [0.375, 0.375, 0.375]
		},
		"thirdperson_lefthand": {
			"rotation": [75, 45, 0],
			"translation": [0, 2.5, 0],
			"scale": [0.375, 0.375, 0.375]
		},
		"firstperson_righthand": {
			"rotation": [0, -135, 0],
			"scale": [0.4, 0.4, 0.4]
		},
		"firstperson_lefthand": {
			"rotation": [0, 45, 0],
			"scale": [0.4, 0.4, 0.4]
		},
		"ground": {
			"translation": [0, 3, 0],
			"scale": [0.25, 0.25, 0.25]
		},
		"gui": {
			"rotation": [30, 225, 0],
			"scale": [0.625, 0.625, 0.625]
		},
		"head": {
			"rotation": [0, 90, 0]
		},
		"fixed": {
			"rotation": [0, 90, 0],
			"scale": [0.5, 0.5, 0.5]
		}
	}
}