{
  "parent": "minecraft:recipes/root",
  "criteria": {
    "has_stick": {
      "conditions": {
        "items": [
          {
            "items": [
              "minecraft:stick"
            ]
          }
        ]
      },
      "trigger": "minecraft:inventory_changed"
    },
    "has_the_recipe": {
      "conditions": {
        "recipe": "bakingdelight:wooden_whisk"
      },
      "trigger": "minecraft:recipe_unlocked"
    }
  },
  "requirements": [
    [
      "has_stick",
      "has_the_recipe"
    ]
  ],
  "rewards": {
    "recipes": [
      "bakingdelight:wooden_whisk"
    ]
  },
  "sends_telemetry_event": false
}