{
  "parent": "minecraft:bakingdelight/got_freezer",
  "criteria": {
    "blue_ice": {
      "conditions": {
        "items": [
          {
            "items": [
              "minecraft:blue_ice"
            ]
          }
        ]
      },
      "trigger": "minecraft:inventory_changed"
    }
  },
  "display": {
    "announce_to_chat": true,
    "description": {
      "translate": "advancement.bakingdelight.get_blue_ice_desc"
    },
    "frame": "goal",
    "hidden": false,
    "icon": {
      "item": "minecraft:blue_ice"
    },
    "show_toast": true,
    "title": {
      "translate": "advancement.bakingdelight.get_blue_ice_title"
    }
  },
  "requirements": [
    [
      "blue_ice"
    ]
  ],
  "sends_telemetry_event": true
}