{
  "parent": "minecraft:bakingdelight/got_glass_bowl",
  "criteria": {
    "cream": {
      "conditions": {
        "items": [
          {
            "items": [
              "bakingdelight:cream_bucket"
            ]
          }
        ]
      },
      "trigger": "minecraft:inventory_changed"
    }
  },
  "display": {
    "announce_to_chat": false,
    "description": {
      "translate": "advancement.bakingdelight.get_cream_bucket_desc"
    },
    "frame": "task",
    "hidden": false,
    "icon": {
      "item": "bakingdelight:cream_bucket"
    },
    "show_toast": true,
    "title": {
      "translate": "advancement.bakingdelight.get_cream_bucket_title"
    }
  },
  "requirements": [
    [
      "cream"
    ]
  ],
  "sends_telemetry_event": true
}