{
  "parent": "minecraft:bakingdelight/got_pudding_wip_2",
  "criteria": {
    "apple_pudding": {
      "conditions": {
        "items": [
          {
            "items": [
              "bakingdelight:apple_pudding"
            ]
          }
        ]
      },
      "trigger": "minecraft:inventory_changed"
    },
    "matcha_pudding": {
      "conditions": {
        "items": [
          {
            "items": [
              "bakingdelight:matcha_pudding"
            ]
          }
        ]
      },
      "trigger": "minecraft:inventory_changed"
    }
  },
  "display": {
    "announce_to_chat": true,
    "description": {
      "translate": "advancement.bakingdelight.get_all_pudding_desc"
    },
    "frame": "goal",
    "hidden": false,
    "icon": {
      "item": "bakingdelight:apple_pudding"
    },
    "show_toast": true,
    "title": {
      "translate": "advancement.bakingdelight.get_all_pudding_title"
    }
  },
  "requirements": [
    [
      "apple_pudding"
    ],
    [
      "matcha_pudding"
    ]
  ],
  "sends_telemetry_event": true
}