{
  "parent": "minecraft:bakingdelight/root",
  "criteria": {
    "black_truffle": {
      "conditions": {
        "items": [
          {
            "items": [
              "bakingdelight:black_truffle"
            ]
          }
        ]
      },
      "trigger": "minecraft:inventory_changed"
    },
    "white_truffle": {
      "conditions": {
        "items": [
          {
            "items": [
              "bakingdelight:white_truffle"
            ]
          }
        ]
      },
      "trigger": "minecraft:inventory_changed"
    }
  },
  "display": {
    "announce_to_chat": true,
    "description": {
      "translate": "advancement.bakingdelight.get_truffle_desc"
    },
    "frame": "goal",
    "hidden": false,
    "icon": {
      "item": "bakingdelight:black_truffle"
    },
    "show_toast": true,
    "title": {
      "translate": "advancement.bakingdelight.get_truffle_title"
    }
  },
  "requirements": [
    [
      "black_truffle",
      "white_truffle"
    ]
  ],
  "sends_telemetry_event": true
}