{
  "parent": "minecraft:bakingdelight/root",
  "criteria": {
    "pudding_wip_1": {
      "conditions": {
        "items": [
          {
            "items": [
              "bakingdelight:pudding_wip_1"
            ]
          }
        ]
      },
      "trigger": "minecraft:inventory_changed"
    }
  },
  "display": {
    "announce_to_chat": false,
    "description": {
      "translate": "advancement.bakingdelight.get_pudding_wip_1_desc"
    },
    "frame": "task",
    "hidden": false,
    "icon": {
      "item": "bakingdelight:pudding_wip_1"
    },
    "show_toast": true,
    "title": {
      "translate": "advancement.bakingdelight.get_pudding_wip_1_title"
    }
  },
  "requirements": [
    [
      "pudding_wip_1"
    ]
  ],
  "sends_telemetry_event": true
}