{
  "parent": "minecraft:bakingdelight/got_cream",
  "criteria": {
    "butter": {
      "conditions": {
        "items": [
          {
            "items": [
              "bakingdelight:butter"
            ]
          }
        ]
      },
      "trigger": "minecraft:inventory_changed"
    }
  },
  "display": {
    "announce_to_chat": true,
    "description": {
      "translate": "advancement.bakingdelight.get_butter_desc"
    },
    "frame": "goal",
    "hidden": false,
    "icon": {
      "item": "bakingdelight:butter"
    },
    "show_toast": true,
    "title": {
      "translate": "advancement.bakingdelight.get_butter_title"
    }
  },
  "requirements": [
    [
      "butter"
    ]
  ],
  "sends_telemetry_event": true
}