{
  "parent": "minecraft:bakingdelight/root",
  "criteria": {
    "glass_bowl": {
      "conditions": {
        "items": [
          {
            "items": [
              "bakingdelight:glass_bowl"
            ]
          }
        ]
      },
      "trigger": "minecraft:inventory_changed"
    }
  },
  "display": {
    "announce_to_chat": true,
    "description": {
      "translate": "advancement.bakingdelight.get_glass_bowl_desc"
    },
    "frame": "task",
    "hidden": false,
    "icon": {
      "item": "bakingdelight:glass_bowl"
    },
    "show_toast": true,
    "title": {
      "translate": "advancement.bakingdelight.get_glass_bowl_title"
    }
  },
  "requirements": [
    [
      "glass_bowl"
    ]
  ],
  "sends_telemetry_event": true
}