{
  "parent": "minecraft:bakingdelight/root",
  "criteria": {
    "netherite_whisk": {
      "conditions": {
        "items": [
          {
            "items": [
              "bakingdelight:netherite_whisk"
            ]
          }
        ]
      },
      "trigger": "minecraft:inventory_changed"
    }
  },
  "display": {
    "announce_to_chat": true,
    "description": {
      "translate": "advancement.bakingdelight.get_netherite_whisk_desc"
    },
    "frame": "challenge",
    "hidden": false,
    "icon": {
      "item": "bakingdelight:netherite_whisk",
      "nbt": "{Damage:0}"
    },
    "show_toast": true,
    "title": {
      "translate": "advancement.bakingdelight.get_netherite_whisk_title"
    }
  },
  "requirements": [
    [
      "netherite_whisk"
    ]
  ],
  "rewards": {
    "experience": 1000
  },
  "sends_telemetry_event": true
}