{
  "parent": "minecraft:bakingdelight/root",
  "criteria": {
    "amethyst_axe": {
      "conditions": {
        "items": [
          {
            "items": [
              "bakingdelight:amethyst_axe"
            ]
          }
        ]
      },
      "trigger": "minecraft:inventory_changed"
    },
    "amethyst_hoe": {
      "conditions": {
        "items": [
          {
            "items": [
              "bakingdelight:amethyst_hoe"
            ]
          }
        ]
      },
      "trigger": "minecraft:inventory_changed"
    },
    "amethyst_knife": {
      "conditions": {
        "items": [
          {
            "items": [
              "bakingdelight:amethyst_knife"
            ]
          }
        ]
      },
      "trigger": "minecraft:inventory_changed"
    },
    "amethyst_pickaxe": {
      "conditions": {
        "items": [
          {
            "items": [
              "bakingdelight:amethyst_pickaxe"
            ]
          }
        ]
      },
      "trigger": "minecraft:inventory_changed"
    },
    "amethyst_shovel": {
      "conditions": {
        "items": [
          {
            "items": [
              "bakingdelight:amethyst_shovel"
            ]
          }
        ]
      },
      "trigger": "minecraft:inventory_changed"
    },
    "amethyst_sword": {
      "conditions": {
        "items": [
          {
            "items": [
              "bakingdelight:amethyst_sword"
            ]
          }
        ]
      },
      "trigger": "minecraft:inventory_changed"
    },
    "amethyst_whisk": {
      "conditions": {
        "items": [
          {
            "items": [
              "bakingdelight:amethyst_whisk"
            ]
          }
        ]
      },
      "trigger": "minecraft:inventory_changed"
    }
  },
  "display": {
    "announce_to_chat": true,
    "description": {
      "translate": "advancement.bakingdelight.get_amethyst_tool_desc"
    },
    "frame": "task",
    "hidden": false,
    "icon": {
      "item": "bakingdelight:amethyst_knife",
      "nbt": "{Damage:0}"
    },
    "show_toast": true,
    "title": {
      "translate": "advancement.bakingdelight.get_amethyst_tool_title"
    }
  },
  "requirements": [
    [
      "amethyst_whisk",
      "amethyst_sword",
      "amethyst_pickaxe",
      "amethyst_axe",
      "amethyst_shovel",
      "amethyst_hoe",
      "amethyst_knife"
    ]
  ],
  "sends_telemetry_event": true
}