{
  "criteria": {
    "amethyst_whisk": {
      "conditions": {
        "items": [
          {
            "items": [
              "bakingdelight:amethyst_whisk"
            ]
          }
        ]
      },
      "trigger": "minecraft:inventory_changed"
    },
    "copper_whisk": {
      "conditions": {
        "items": [
          {
            "items": [
              "bakingdelight:copper_whisk"
            ]
          }
        ]
      },
      "trigger": "minecraft:inventory_changed"
    },
    "diamond_whisk": {
      "conditions": {
        "items": [
          {
            "items": [
              "bakingdelight:diamond_whisk"
            ]
          }
        ]
      },
      "trigger": "minecraft:inventory_changed"
    },
    "golden_whisk": {
      "conditions": {
        "items": [
          {
            "items": [
              "bakingdelight:golden_whisk"
            ]
          }
        ]
      },
      "trigger": "minecraft:inventory_changed"
    },
    "iron_whisk": {
      "conditions": {
        "items": [
          {
            "items": [
              "bakingdelight:iron_whisk"
            ]
          }
        ]
      },
      "trigger": "minecraft:inventory_changed"
    },
    "netherite_whisk": {
      "conditions": {
        "items": [
          {
            "items": [
              "bakingdelight:netherite_whisk"
            ]
          }
        ]
      },
      "trigger": "minecraft:inventory_changed"
    },
    "stone_whisk": {
      "conditions": {
        "items": [
          {
            "items": [
              "bakingdelight:stone_whisk"
            ]
          }
        ]
      },
      "trigger": "minecraft:inventory_changed"
    },
    "wooden_whisk": {
      "conditions": {
        "items": [
          {
            "items": [
              "bakingdelight:wooden_whisk"
            ]
          }
        ]
      },
      "trigger": "minecraft:inventory_changed"
    }
  },
  "display": {
    "announce_to_chat": true,
    "background": "minecraft:textures/block/beehive_end.png",
    "description": {
      "translate": "advancement.bakingdelight.get_whisk_desc"
    },
    "frame": "task",
    "hidden": false,
    "icon": {
      "item": "bakingdelight:iron_whisk",
      "nbt": "{Damage:0}"
    },
    "show_toast": true,
    "title": {
      "translate": "advancement.bakingdelight.get_whisk_title"
    }
  },
  "requirements": [
    [
      "iron_whisk",
      "wooden_whisk",
      "stone_whisk",
      "copper_whisk",
      "golden_whisk",
      "amethyst_whisk",
      "diamond_whisk",
      "netherite_whisk"
    ]
  ],
  "sends_telemetry_event": true
}