{
  "parent": "minecraft:recipes/root",
  "criteria": {
    "has_butter": {
      "conditions": {
        "items": [
          {
            "items": [
              "bakingdelight:butter"
            ]
          }
        ]
      },
      "trigger": "minecraft:inventory_changed"
    },
    "has_the_recipe": {
      "conditions": {
        "recipe": "bakingdelight:pudding_wip_1"
      },
      "trigger": "minecraft:recipe_unlocked"
    }
  },
  "requirements": [
    [
      "has_butter",
      "has_the_recipe"
    ]
  ],
  "rewards": {
    "recipes": [
      "bakingdelight:pudding_wip_1"
    ]
  },
  "sends_telemetry_event": false
}